{
  "accuracy": 0.8571428571428571,
  "precision_macro": 0.6,
  "precision_micro": 0.8571428571428571,
  "recall_macro": 0.6,
  "recall_micro": 0.8571428571428571,
  "f1_macro": 0.6,
  "f1_micro": 0.8571428571428571,
  "f1_weighted": 0.8571428571428571,
  "cross_val_scores": [
    0.8571428571428571
  ],
  "cross_val_mean": 0.8571428571428571,
  "cross_val_std": 0.0,
  "confusion_matrix": [
    [
      1,
      0,
      0,
      0,
      0
    ],
    [
      0,
      2,
      0,
      0,
      0
    ],
    [
      0,
      0,
      0,
      0,
      0
    ],
    [
      0,
      0,
      0,
      3,
      0
    ],
    [
      0,
      0,
      1,
      0,
      0
    ]
  ],
  "classification_report": "                       precision    recall  f1-score   support\n\n       COMMERCIAL_DPI       1.00      1.00      1.00         1\n       FIREWALL_BASED       1.00      1.00      1.00         2\nISP_TRANSPARENT_PROXY       0.00      0.00      0.00         0\n    ROSKOMNADZOR_TSPU       1.00      1.00      1.00         3\n              UNKNOWN       0.00      0.00      0.00         1\n\n             accuracy                           0.86         7\n            macro avg       0.60      0.60      0.60         7\n         weighted avg       0.86      0.86      0.86         7\n",
  "feature_importance": {
    "blocking_intensity": 0.041543826692027025,
    "checksum_validation": 0.012166158640630888,
    "connection_latency_ms_minmax": 0.03650613148575941,
    "connection_latency_ms_normalized": 0.04219290671490121,
    "dns_over_https_blocked": 0.007382770329324225,
    "dns_resolution_time_ms_minmax": 0.04640502849011992,
    "dns_resolution_time_ms_normalized": 0.05739676897809093,
    "dpi_hop_distance_minmax": 0.03529795931228507,
    "dpi_hop_distance_normalized": 0.05818840389607318,
    "ech_blocked": 0.007536858168762316,
    "ecn_support": 0.0064336441210107505,
    "esni_support": 0.010461581849043706,
    "handshake_time_ms_minmax": 0.04624299292541691,
    "handshake_time_ms_normalized": 0.04484947621394448,
    "http2_detection": 0.006537251812714604,
    "http3_support": 0.006302262325280226,
    "icmp_ttl_exceeded": 3.972195292418013e-18,
    "ip_level_blocked": 0.0080438757198271,
    "ipv6_handling": 0.024307394087189467,
    "large_payload_bypass": 0.014521249338025071,
    "ml_detection_blocked": 0.004639439439439442,
    "quic_udp_blocked": 0.0,
    "rate_limiting_detected": 0.010608693821142703,
    "rst_distance_minmax": 0.06072247429908643,
    "rst_distance_normalized": 0.04679902071236301,
    "rst_from_target": 0.0017699699699699723,
    "rst_latency_ms_minmax": 0.0386883426796232,
    "rst_latency_ms_normalized": 0.023780928428871154,
    "rst_to_connection_ratio": 0.042954925272787214,
    "rst_ttl_minmax": 0.00839488694448987,
    "rst_ttl_normalized": 0.020186185792279952,
    "stateful_inspection": 0.003581914472676198,
    "supports_ip_frag": 0.010606772971547804,
    "tcp_keepalive_handling": 0.020414008817296075,
    "tcp_option_len_limit_minmax": 0.03192735315391752,
    "tcp_option_len_limit_normalized": 0.04163646363106343,
    "tcp_option_splicing": 0.004010730631071569,
    "technology_support": 0.014593779365680707,
    "tls_version_sensitivity": 0.019658766722749053,
    "ttl_category": 0.010074086092131104,
    "ttl_is_common": 0.004662494525355701,
    "websocket_blocked": 0.0022483221476510104,
    "window_size_in_rst_minmax": 0.02391660479022534,
    "window_size_in_rst_normalized": 0.03746652374329759,
    "zero_rtt_blocked": 0.004340770474857439
  },
  "class_distribution": {
    "CLOUDFLARE_PROTECTION": 1,
    "COMMERCIAL_DPI": 5,
    "FIREWALL_BASED": 5,
    "GOVERNMENT_CENSORSHIP": 1,
    "ISP_TRANSPARENT_PROXY": 1,
    "ROSKOMNADZOR_DPI": 6,
    "ROSKOMNADZOR_TSPU": 12,
    "UNKNOWN": 1
  }
}