{
  "pcap_file": "service_capture_20251110_120133.pcap",
  "analysis_timestamp": "2025-11-10T12:09:33.546906+03:00",
  "total_flows": 1,
  "flows": {
    "192.168.18.188:63890 <-> 216.239.36.223:443": [
      {
        "num": 1,
        "timestamp": 1762765309.057194,
        "len": 74,
        "src_ip": "216.239.36.223",
        "dst_ip": "192.168.18.188",
        "ttl": 119,
        "ip_len": 60,
        "ip_id": 0,
        "src_port": 443,
        "dst_port": 63890,
        "seq": 3628478355,
        "ack": 2553376454,
        "flags": "SA",
        "window": 65535,
        "payload_len": 0,
        "tcp_checksum": 8370,
        "tcp_checksum_valid": true
      },
      {
        "num": 2,
        "timestamp": 1762765309.124006,
        "len": 66,
        "src_ip": "216.239.36.223",
        "dst_ip": "192.168.18.188",
        "ttl": 119,
        "ip_len": 52,
        "ip_id": 26349,
        "src_port": 443,
        "dst_port": 63890,
        "seq": 3628478356,
        "ack": 2553377022,
        "flags": "A",
        "window": 1048,
        "payload_len": 0,
        "tcp_checksum": 18528,
        "tcp_checksum_valid": true
      },
      {
        "num": 3,
        "timestamp": 1762765309.132771,
        "len": 284,
        "src_ip": "216.239.36.223",
        "dst_ip": "192.168.18.188",
        "ttl": 119,
        "ip_len": 270,
        "ip_id": 26350,
        "src_port": 443,
        "dst_port": 63890,
        "seq": 3628478356,
        "ack": 2553377022,
        "flags": "PA",
        "window": 1048,
        "payload_len": 218,
        "tcp_checksum": 53141,
        "tcp_checksum_valid": true,
        "payload_hex": "16030300800200007c0303638ed4ae8d4f8155e383cfa5a584e330b7074be44cc9a63bfb2d7a37644fb63c207defda9fc2365f0108a6370aaa474c5918594ab4602a869fc0194d8f4646fa8e130100003400290002000000330024001d0020a3f330e560eacbff995372ed4e18239a7c6876b4514327541afd31916b447364002b00020304140303000101170303004adc077429f66356d970bf1b0a721b1ff4e249d01bd8f117caccdbf5ee03f28914e183e0b622ee4f8ef949223c9aa639b3b268183bba31fb0e8c8c5c4398b86ab846b87f71e7ca17e98dd1"
      },
      {
        "num": 4,
        "timestamp": 1762765309.18822,
        "len": 66,
        "src_ip": "216.239.36.223",
        "dst_ip": "192.168.18.188",
        "ttl": 119,
        "ip_len": 52,
        "ip_id": 26351,
        "src_port": 443,
        "dst_port": 63890,
        "seq": 3628478574,
        "ack": 2553377086,
        "flags": "A",
        "window": 1048,
        "payload_len": 0,
        "tcp_checksum": 18119,
        "tcp_checksum_valid": true
      },
      {
        "num": 5,
        "timestamp": 1762765309.240803,
        "len": 66,
        "src_ip": "216.239.36.223",
        "dst_ip": "192.168.18.188",
        "ttl": 119,
        "ip_len": 52,
        "ip_id": 26352,
        "src_port": 443,
        "dst_port": 63890,
        "seq": 3628478574,
        "ack": 2553378408,
        "flags": "A",
        "window": 1043,
        "payload_len": 0,
        "tcp_checksum": 16705,
        "tcp_checksum_valid": true
      },
      {
        "num": 6,
        "timestamp": 1762765309.293243,
        "len": 1386,
        "src_ip": "216.239.36.223",
        "dst_ip": "192.168.18.188",
        "ttl": 119,
        "ip_len": 1372,
        "ip_id": 26353,
        "src_port": 443,
        "dst_port": 63890,
        "seq": 3628478574,
        "ack": 2553378408,
        "flags": "PA",
        "window": 1043,
        "payload_len": 1320,
        "tcp_checksum": 54011,
        "tcp_checksum_valid": true,
        "payload_hex": "170303022faf7690da03cf25d28ad0e0623674d7b68c9dbeda54fdd3e7dffa8dfd9cce0cfc7f5049a19d6728d11627735ea6383b95527e24d877a754deb5fe33b32df18e3bb520ac485cb15987190036ca8222a8a5590d7ad8b3f99390636af159d68370877e97f8f4d6ec249755459658c1b0dabe8f3d5666bce65dac7242da03302c5e54494dcdf53af88ccf79093518cdc33dbf7e46cbe08e1215f784023c2ba23fb1c1d6f0765c5d15d16a5709bc0bb89cd77692a556dced8f3cc1ef9eab60400c8823638ad69902da1521c340396e33d7ad598fe13e834fcaf5eef3f7bfb5e60e05e4144bae9d9874f016215292660c50752e6ce9ae50bb4cd2e17e86c07a8d74ac3f40b67a0c76a331f777a2b4992ed3811b33ece00a7142a5a6a0da61c48a4119612b194a11543eae69f6e0f5d38768fb8f412395f0e7eb68731e595a8e4a1a779e75ce3838eef222c7fdac0b2b514a9af68d8d8daafbcc38a7c0d706df1fa7872e8a343dadb786bffb9478bec29d6ac3ffdd1d44e723b5c4b55e9b8a86297c331cc91ca5585d70b438e248e04a5ccc2907610e930f3d93dfac22d5b8ce33a38638f8cf27b93fc8a4e06d543c0746eacefd450b3eeda930a067a72bc300e4bf843d28b84d2e73c5d3c7616d834162a230ce679f906889de46739e0064df42bf3545998ce6d0f5f76720d4a4d425643408618ef1519ea819051062bb82d8b0935066c4861e8b18d4e6a4efa1d1a1c24f3925744533c4b7c0f1ec3e2c67111ec22200180c8ff3244b40c95c14217940281417030302efd44039acd7be07e65fe30516518512d4ad2e0678e01ce95b9f7d7fa9397c0e5f7177136504518bad13328e33e8047efff79656bf5c8d8ada4a3a77760ffbbc109bd466a454c9a1de6f7851880325044e7270d54f7fc9c020965c52b203383f120962ad6f1c68e236257df29e8d41755a39a3f0dbd9f50b93d0cd4d3b355fb337fb60c0dbd9bcb6b37328066b83550b90419bfff0f5695b307831354ba2301543cdea0cbfc0f5522c44652bff6dce885fa0d3385d152404883190c6ec96fb1da244a5ce0e5eebca670244c23d051a3cc9975b9a00142b4e6e209db7463d72f2d88afe56a7bf6bb5b02a953c310943f2711ecced08fdd9b41afc42fee50142a871aea29553502891542d53d8782d6bc2119185e92d08863dd8214d8259da9d12afbbe061f41e67ff825ce34be077c1d13ff7efa7612392487d1602b187e4b46413a5eef1692a66f2d1bf373c9da0681284e03ccabc915045836f1934f51d4341819f045e4f5ddceba02808b000b043ff0fed51df840a0a103812444ce22f025dce728a11238dbbba7bd3dfa5817c982cc36515c42a2a32de050d76fa921ab6fc73947b7be0489321746ff8cf443f211368efb18998adbaf3563cac11aa6972634de0340607c06427f6b2941dabf932602ec8dc8f65b7d6d38e70a10cbc31aee098c680da993baa6c9dd63bfe28262e937f5f07736ae92edd8f8845353dfacae310d9b2a2d547adf027af8d0394ab986c6014ffb6c4f9e3fb04b5b41b9c98a55aab44bc890fb4ca64165c4f38e371a6509757f97e77876c3c001f949882c82cb52575b3f47aee27e950ab771ea91d4eb1e586e3061c2ad134c4feb3854e0d7a90769399ff1810b2e15661a6427b6f8609e46c1f378576c47c7a3791cc2d4ccb604c969bc527a455a286c09f1b3634580d3f1e557c2501e7fcb940a4d8b2ab2f386a220400e01ac229fcd894529c6ef65b6cb0a52481119ea977671beddf01863d2a7268f71c0ceb2fcdfb675b2e105af151caff57179b576fb12dc8560c0eb27199d2020a0783ba8f6ce108f6f3a5d690"
      },
      {
        "num": 7,
        "timestamp": 1762765309.293243,
        "len": 193,
        "src_ip": "216.239.36.223",
        "dst_ip": "192.168.18.188",
        "ttl": 119,
        "ip_len": 179,
        "ip_id": 26354,
        "src_port": 443,
        "dst_port": 63890,
        "seq": 3628479894,
        "ack": 2553378408,
        "flags": "PA",
        "window": 1043,
        "payload_len": 127,
        "tcp_checksum": 48022,
        "tcp_checksum_valid": true,
        "payload_hex": "170303007a984805527f558743471418ee4dcd53fea54f8e4de3faee0ea2cf9ea2a4542c5585f72f981cdefc409a5257368e0af2d26757cbe73f91abebf525e045566e9a780ec5c90d6c280ff468b5aa7ffbd3b80f2bf8031187c8aaa75e59630dd3d61d00dd6476d350ba6fa9dd538eab57e257d0751b964d4a1b7308bc68"
      },
      {
        "num": 8,
        "timestamp": 1762765309.293243,
        "len": 93,
        "src_ip": "216.239.36.223",
        "dst_ip": "192.168.18.188",
        "ttl": 119,
        "ip_len": 79,
        "ip_id": 26355,
        "src_port": 443,
        "dst_port": 63890,
        "seq": 3628480021,
        "ack": 2553378408,
        "flags": "PA",
        "window": 1043,
        "payload_len": 27,
        "tcp_checksum": 29499,
        "tcp_checksum_valid": true,
        "payload_hex": "1703030016a3e7d5f44ebf30c1db9d200616e3f0955721cfa6e555"
      },
      {
        "num": 9,
        "timestamp": 1762765309.293243,
        "len": 66,
        "src_ip": "216.239.36.223",
        "dst_ip": "192.168.18.188",
        "ttl": 119,
        "ip_len": 52,
        "ip_id": 26356,
        "src_port": 443,
        "dst_port": 63890,
        "seq": 3628480048,
        "ack": 2553378408,
        "flags": "FA",
        "window": 1043,
        "payload_len": 0,
        "tcp_checksum": 15182,