{
  "timestamp": "2025-09-24T20:18:12.877658",
  "working_report": "recon/recon_report_20250924_191236.json",
  "broken_report": "recon/recon_report_20250924_174041.json",
  "regression_analysis": {
    "success_rate_drop": {
      "working": 0.7272727272727273,
      "broken": 0.0,
      "drop_percentage": 100.0
    },
    "strategy_effectiveness": {
      "working_strategies_count": 16,
      "broken_strategies_count": 0,
      "strategies_lost": 16
    },
    "fingerprinting_issues": {
      "domains_analyzed": {
        "working": 26,
        "broken": 26
      },
      "confidence_changes": {},
      "dpi_type_changes": {},
      "analysis_duration_changes": {
        "external.xx.fbcdn.net": {
          "working": 78.94659185409546,
          "broken": 131.42798566818237,
          "increase_percentage": 66.47708606735044
        },
        "scontent-arn2-1.cdninstagram.com": {
          "working": 80.50538539886475,
          "broken": 134.40648198127747,
          "increase_percentage": 66.95340481305591
        },
        "static.xx.fbcdn.net": {
          "working": 81.59769654273987,
          "broken": 123.20451021194458,
          "increase_percentage": 50.990181625300636
        },
        "instagram.com": {
          "working": 99.21446871757507,
          "broken": 185.44892072677612,
          "increase_percentage": 86.91721391431014
        },
        "i2.ytimg.com": {
          "working": 54.16260743141174,
          "broken": 88.5237066745758,
          "increase_percentage": 63.440629749365165
        },
        "abs.twimg.com": {
          "working": 93.3948061466217,
          "broken": 148.4026927947998,
          "increase_percentage": 58.89822883921458
        },
        "nnmclub.to": {
          "working": 88.39978671073914,
          "broken": 138.0436885356903,
          "increase_percentage": 56.158395480517875
        },
        "edge-chat.instagram.com": {
          "working": 81.00650715827942,
          "broken": 144.68162488937378,
          "increase_percentage": 78.60494170755803
        }
      }
    },
    "performance": {
      "working_time_seconds": 1685.5108034610748,
      "broken_time_seconds": 2020.8733382225037,
      "time_increase_percentage": 19.89678939303065
    }
  },
  "critical_differences": [
    {
      "issue": "No working strategy found in broken version",
      "working_best_strategy": "multidisorder(autottl=None, fooling=['badseq'], ipid_step=2048, positions=[3, 10], pre_fake=True, repeats=1, split_pos=3, tcp_flags={'psh': True, 'ack': True}, ttl=64, window_div=8)",
      "working_success_rate": 0.4230769230769231,
      "severity": "CRITICAL"
    }
  ],
  "recommendations": [
    {
      "priority": "CRITICAL",
      "issue": "Major success rate regression",
      "recommendation": "Revert to working version and identify specific changes that broke strategy execution",
      "action": "Compare packet injection logic between versions"
    },
    {
      "priority": "HIGH",
      "issue": "Multiple working strategies lost",
      "recommendation": "Check strategy generation and validation logic",
      "action": "Review strategy interpreter and bypass engine changes"
    }
  ]
}