{
  "fakeddisorder": {
    "avg_time_ms": 13.573576001217589,
    "std_dev_ms": 16.390337884167348,
    "min_time_ms": 5.207700000028126,
    "max_time_ms": 121.17810000199825,
    "iterations": 50
  },
  "seqovl": {
    "avg_time_ms": 11.402423999097664,
    "std_dev_ms": 14.380702506383782,
    "min_time_ms": 5.512000003363937,
    "max_time_ms": 101.4597000030335,
    "iterations": 50
  },
  "multidisorder": {
    "avg_time_ms": 8.077846002706792,
    "std_dev_ms": 2.6535008438354257,
    "min_time_ms": 5.352699998184107,
    "max_time_ms": 21.893400000408292,
    "iterations": 50
  },
  "disorder": {
    "avg_time_ms": 1.7511799989733845,
    "std_dev_ms": 0.8900198198167885,
    "min_time_ms": 0.8910000033210963,
    "max_time_ms": 4.398000004584901,
    "iterations": 50
  },
  "multisplit": {
    "avg_time_ms": 2.2333760000765324,
    "std_dev_ms": 0.8341093777751805,
    "min_time_ms": 1.4484999992419034,
    "max_time_ms": 4.541699992842041,
    "iterations": 50
  }
}